DATE,sp500,daily_return
8/27/2013,1630.48,-0.015874166
8/28/2013,1634.96,0.002747657
8/29/2013,1638.17,0.001963351
8/30/2013,1632.97,-0.003174274
9/4/2013,1653.08,0.008116992
9/5/2013,1655.08,0.001209863
9/6/2013,1655.17,5.44E-05
9/9/2013,1671.71,0.009992931
9/10/2013,1683.99,0.007345772
9/11/2013,1689.13,0.003052275
9/12/2013,1683.42,-0.003380438
9/13/2013,1687.99,0.002714712
9/16/2013,1697.6,0.005693162
9/17/2013,1704.76,0.004217719
9/18/2013,1725.52,0.012177667
9/19/2013,1722.34,-0.001842923
9/20/2013,1709.91,-0.007216926
9/23/2013,1701.84,-0.004719547
9/24/2013,1697.42,-0.002597189
9/25/2013,1692.77,-0.002739452
9/26/2013,1698.67,0.003485411
9/27/2013,1691.75,-0.004073775
9/30/2013,1681.55,-0.00602926
10/1/2013,1695,0.007998573
10/2/2013,1693.87,-0.000666667
10/3/2013,1678.66,-0.008979438
10/4/2013,1690.5,0.007053245
10/7/2013,1676.12,-0.008506359
10/8/2013,1655.45,-0.012332053
10/9/2013,1656.4,0.000573862
10/10/2013,1692.56,0.021830476
10/11/2013,1703.2,0.006286335
10/14/2013,1710.14,0.004074683
10/15/2013,1698.06,-0.007063749
10/16/2013,1721.54,0.013827544
10/17/2013,1733.15,0.006743962
10/18/2013,1744.5,0.00654877
10/21/2013,1744.66,9.17E-05
10/22/2013,1754.67,0.005737508
10/23/2013,1746.38,-0.004724535
10/24/2013,1752.07,0.003258168
10/25/2013,1759.77,0.004394802
10/28/2013,1762.11,0.001329719
10/29/2013,1771.95,0.005584214
10/30/2013,1763.31,-0.004875984
10/31/2013,1756.54,-0.00383937
11/1/2013,1761.64,0.002903435
11/4/2013,1767.93,0.003570537
11/5/2013,1762.97,-0.002805541
11/6/2013,1770.49,0.004265529
11/7/2013,1747.15,-0.013182791
11/8/2013,1770.61,0.013427582
11/11/2013,1771.89,0.000722915
11/12/2013,1767.69,-0.00237035
11/13/2013,1782,0.008095311
11/14/2013,1790.62,0.004837262
11/15/2013,1798.18,0.004222001
11/18/2013,1791.53,-0.003698184
11/19/2013,1787.87,-0.002042947
11/20/2013,1781.37,-0.003635611
11/21/2013,1795.85,0.008128575
11/22/2013,1804.76,0.004961439
11/25/2013,1802.48,-0.001263326
11/26/2013,1802.75,0.000149794
11/27/2013,1807.23,0.002485092
12/2/2013,1800.9,-0.002719001
12/3/2013,1795.15,-0.003192848
12/4/2013,1792.81,-0.001303512
12/5/2013,1785.03,-0.004339556
12/6/2013,1805.09,0.011237906
12/9/2013,1808.37,0.001817084
12/10/2013,1802.62,-0.003179659
12/11/2013,1782.22,-0.011316861
12/12/2013,1775.5,-0.003770578
12/13/2013,1775.32,-0.00010138
12/16/2013,1786.54,0.006319987
12/17/2013,1781,-0.003100966
12/18/2013,1810.65,0.016647951
12/19/2013,1809.6,-0.000579902
12/20/2013,1818.32,0.004818744
12/23/2013,1827.99,0.005318096
12/24/2013,1833.32,0.002915771
12/27/2013,1841.4,-0.000336587
12/30/2013,1841.07,-0.000179211
12/31/2013,1848.36,0.003959654
1/3/2014,1831.37,-0.000332973
1/6/2014,1826.77,-0.002511781
1/7/2014,1837.88,0.006081773
1/8/2014,1837.49,-0.000212201
1/9/2014,1838.13,0.000348301
1/10/2014,1842.37,0.002306692
1/13/2014,1819.2,-0.012576193
1/14/2014,1838.88,0.010817942
1/15/2014,1848.38,0.005166188
1/16/2014,1845.89,-0.001347126
1/17/2014,1838.7,-0.00389514
1/22/2014,1844.86,0.0005749
1/23/2014,1828.46,-0.008889563
1/24/2014,1790.29,-0.020875491
1/27/2014,1781.56,-0.004876305
1/28/2014,1792.5,0.006140686
1/29/2014,1774.2,-0.010209205
1/30/2014,1794.19,0.01126705
1/31/2014,1782.59,-0.006465313
2/3/2014,1741.89,-0.022831947
2/4/2014,1755.2,0.007641125
2/5/2014,1751.64,-0.002028259
2/6/2014,1773.43,0.012439771
2/7/2014,1797.02,0.013301906
2/10/2014,1799.84,0.001569265
2/11/2014,1819.75,0.011062094
2/12/2014,1819.26,-0.000269268
2/13/2014,1829.83,0.005810055
2/14/2014,1838.63,0.00480919
2/19/2014,1828.75,-0.006524479
2/20/2014,1839.78,0.006031442
2/21/2014,1836.25,-0.001918708
2/24/2014,1847.61,0.006186521
2/25/2014,1845.12,-0.001347687
2/26/2014,1845.16,2.17E-05
2/27/2014,1854.29,0.00494808
2/28/2014,1859.45,0.002782736
3/3/2014,1845.73,-0.007378526
3/4/2014,1873.91,0.015267672
3/5/2014,1873.81,-5.34E-05
3/6/2014,1877.03,0.001718424
3/7/2014,1878.04,0.000538084
3/10/2014,1877.17,-0.000463249
3/11/2014,1867.63,-0.005082118
3/12/2014,1868.2,0.0003052
3/13/2014,1846.34,-0.011701103
3/14/2014,1841.13,-0.002821799
3/17/2014,1858.83,0.009613661
3/18/2014,1872.25,0.007219595
3/19/2014,1860.77,-0.00613166
3/20/2014,1872.01,0.00604051
3/21/2014,1866.52,-0.002932677
3/24/2014,1857.44,-0.004864668
3/25/2014,1865.62,0.004403911
3/26/2014,1852.56,-0.007000354
3/27/2014,1849.04,-0.001900073
3/28/2014,1857.62,0.004640246
3/31/2014,1872.34,0.007924118
4/1/2014,1885.52,0.00703932
4/2/2014,1890.9,0.002853324
4/3/2014,1888.77,-0.001126448
4/4/2014,1865.09,-0.01253726
4/7/2014,1845.04,-0.010750151
4/8/2014,1851.96,0.003750596
4/9/2014,1872.18,0.010918162
4/10/2014,1833.08,-0.020884744
4/11/2014,1815.69,-0.009486765
4/14/2014,1830.61,0.008217262
4/15/2014,1842.98,0.00675731
4/16/2014,1862.31,0.010488448
4/17/2014,1864.85,0.001363898
4/22/2014,1879.55,0.004092121
4/23/2014,1875.39,-0.002213296
4/24/2014,1878.61,0.001716976
4/25/2014,1863.4,-0.008096412
4/28/2014,1869.43,0.00323602
4/29/2014,1878.33,0.004760809
4/30/2014,1883.95,0.00299202
5/1/2014,1883.68,-0.000143316
5/2/2014,1881.14,-0.001348424
5/5/2014,1884.66,0.001871206
5/6/2014,1867.72,-0.008988359
5/7/2014,1878.21,0.005616474
5/8/2014,1875.63,-0.001373648
5/9/2014,1878.48,0.001519489
5/12/2014,1896.65,0.009672714
5/13/2014,1897.45,0.000421796
5/14/2014,1888.53,-0.004701046
5/15/2014,1870.85,-0.009361779
5/16/2014,1877.86,0.00374696
5/19/2014,1885.08,0.003844802
5/20/2014,1872.83,-0.006498398
5/21/2014,1888.03,0.00811606
5/22/2014,1892.49,0.002362251
5/23/2014,1900.53,0.004248371
5/28/2014,1909.78,-0.001114069
5/29/2014,1920.03,0.00536711
5/30/2014,1923.57,0.001843721
6/2/2014,1924.97,0.000727813
6/3/2014,1924.24,-0.000379227
6/4/2014,1927.88,0.001891656
6/5/2014,1940.46,0.006525302
6/6/2014,1949.44,0.004627769
6/9/2014,1951.27,0.000938731
6/10/2014,1950.79,-0.000245994
6/11/2014,1943.89,-0.003537029
6/12/2014,1930.11,-0.007088878
6/13/2014,1936.16,0.003134536
6/16/2014,1937.78,0.000836708
6/17/2014,1941.99,0.002172589
6/18/2014,1956.98,0.007718886
6/19/2014,1959.48,0.001277479
6/20/2014,1962.87,0.001730051
6/23/2014,1962.61,-0.000132459
6/24/2014,1949.98,-0.006435308
6/25/2014,1959.53,0.004897486
6/26/2014,1957.22,-0.001178854
6/27/2014,1960.96,0.001910874
6/30/2014,1960.23,-0.000372267
7/1/2014,1973.32,0.006677788
7/2/2014,1974.62,0.000658788
7/3/2014,1985.44,0.005479535
7/8/2014,1963.71,-0.00704877
7/9/2014,1972.83,0.00464427
7/10/2014,1964.68,-0.004131121
7/11/2014,1967.57,0.001470977
7/14/2014,1977.1,0.004843538
7/15/2014,1973.28,-0.001932123
7/16/2014,1981.57,0.004201127
7/17/2014,1958.12,-0.011834051
7/18/2014,1978.22,0.010264948
7/21/2014,1973.63,-0.002320268
7/22/2014,1983.53,0.005016138
7/23/2014,1987.01,0.001754448
7/24/2014,1987.98,0.000488171
7/25/2014,1978.34,-0.004849143
7/28/2014,1978.91,0.00028812
7/29/2014,1969.95,-0.004527745
7/30/2014,1970.07,6.09E-05
7/31/2014,1930.67,-0.019999289
8/1/2014,1925.15,-0.002859111
8/4/2014,1938.99,0.00718905
8/5/2014,1920.21,-0.009685455
8/6/2014,1920.24,1.56E-05
8/7/2014,1909.57,-0.005556597
8/8/2014,1931.59,0.011531392
8/11/2014,1936.92,0.002759385
8/12/2014,1933.75,-0.001636619
8/13/2014,1946.72,0.006707175
8/14/2014,1955.18,0.004345771
8/15/2014,1955.06,-6.14E-05
8/18/2014,1971.74,0.008531707
8/19/2014,1981.6,0.005000659
8/20/2014,1986.51,0.002477796
8/21/2014,1992.37,0.002949897
8/22/2014,1988.4,-0.001992602
8/25/2014,1997.92,0.004787769
8/26/2014,2000.02,0.001051093
8/27/2014,2000.12,5.00E-05
8/28/2014,1996.74,-0.001689899
8/29/2014,2003.37,0.003320412
9/3/2014,2000.72,-0.000779112
9/4/2014,1997.65,-0.001534448
9/5/2014,2007.71,0.005035917
9/8/2014,2001.54,-0.003073153
9/9/2014,1988.44,-0.00654496
9/10/2014,1995.69,0.003646074
9/11/2014,1997.45,0.0008819
9/12/2014,1985.54,-0.005962602
9/15/2014,1984.13,-0.000710134
9/16/2014,1998.98,0.007484389
9/17/2014,2001.57,0.001295661
9/18/2014,2011.36,0.00489116
9/19/2014,2010.4,-0.000477289
9/22/2014,1994.29,-0.008013331
9/23/2014,1982.77,-0.005776492
9/24/2014,1998.3,0.007832477
9/25/2014,1965.99,-0.016168743
9/26/2014,1982.85,0.008575832
9/29/2014,1977.8,-0.002546839
9/30/2014,1972.29,-0.002785924
10/1/2014,1946.16,-0.013248559
10/2/2014,1946.17,5.14E-06
10/3/2014,1967.9,0.01116552
10/6/2014,1964.82,-0.00156512
10/7/2014,1935.1,-0.015126068
10/8/2014,1968.89,0.01746163
10/9/2014,1928.21,-0.020661388
10/10/2014,1906.13,-0.011451035
10/13/2014,1874.74,-0.016467922
10/14/2014,1877.7,0.001578886
10/15/2014,1862.49,-0.008100336
10/16/2014,1862.76,0.000144967
10/17/2014,1886.76,0.012884107
10/20/2014,1904.01,0.009142657
10/21/2014,1941.28,0.019574477
10/22/2014,1927.11,-0.007299308
10/23/2014,1950.82,0.012303397
10/24/2014,1964.58,0.007053444
10/27/2014,1961.63,-0.001501593
10/28/2014,1985.05,0.011939051
10/29/2014,1982.3,-0.001385356
10/30/2014,1994.65,0.006230137
10/31/2014,2018.05,0.011731381
11/3/2014,2017.81,-0.000118927
11/4/2014,2012.1,-0.002829801
11/5/2014,2023.57,0.005700512
11/6/2014,2031.21,0.003775506
11/7/2014,2031.92,0.000349545
11/10/2014,2038.26,0.003120202
11/11/2014,2039.68,0.000696673
11/12/2014,2038.25,-0.00070109
11/13/2014,2039.33,0.000529866
11/14/2014,2039.82,0.000240275
11/17/2014,2041.32,0.000735359
11/18/2014,2051.8,0.005133933
11/19/2014,2048.72,-0.001501121
11/20/2014,2052.75,0.001967082
11/21/2014,2063.5,0.005236877
11/24/2014,2069.41,0.002864066
11/25/2014,2067.03,-0.001150086
11/26/2014,2072.83,0.002805958
12/1/2014,2053.44,-0.006829306
12/2/2014,2066.55,0.006384409
12/3/2014,2074.33,0.003764729
12/4/2014,2071.92,-0.001161821
12/5/2014,2075.37,0.001665122
12/8/2014,2060.31,-0.007256537
12/9/2014,2059.82,-0.000237828
12/10/2014,2026.14,-0.016350943
12/11/2014,2035.33,0.004535718
12/12/2014,2002.33,-0.016213587
12/15/2014,1989.63,-0.006342611
12/16/2014,1972.74,-0.008489016
12/17/2014,2012.89,0.020352403
12/18/2014,2061.23,0.024015222
12/19/2014,2070.65,0.004570087
12/22/2014,2078.54,0.003810398
12/23/2014,2082.17,0.001746418
12/24/2014,2081.88,-0.000139278
12/29/2014,2090.57,0.000861751
12/30/2014,2080.35,-0.004888619
12/31/2014,2058.9,-0.010310765
1/5/2015,2020.58,-0.018278107
1/6/2015,2002.61,-0.008893486
1/7/2015,2025.9,0.011629823
1/8/2015,2062.14,0.017888346
1/9/2015,2044.81,-0.008403891
1/12/2015,2028.26,-0.008093662
1/13/2015,2023.03,-0.002578565
1/14/2015,2011.27,-0.005813063
1/15/2015,1992.67,-0.009247888
1/16/2015,2019.42,0.0134242
1/21/2015,2032.12,0.004731651
1/22/2015,2063.15,0.015269768
1/23/2015,2051.82,-0.005491603
1/26/2015,2057.09,0.002568451
1/27/2015,2029.55,-0.013387844
1/28/2015,2002.16,-0.013495602
1/29/2015,2021.25,0.009534703
1/30/2015,1994.99,-0.01299196
2/2/2015,2020.85,0.012962471
2/3/2015,2050.03,0.014439469
2/4/2015,2041.51,-0.004156037
2/5/2015,2062.52,0.010291402
2/6/2015,2055.47,-0.003418149
2/9/2015,2046.74,-0.004247204
2/10/2015,2068.59,0.010675513
2/11/2015,2068.53,-2.90E-05
2/12/2015,2088.48,0.00964453
2/13/2015,2096.99,0.004074734
2/18/2015,2099.68,-0.000314235
2/19/2015,2097.45,-0.001062067
2/20/2015,2110.3,0.006126487
2/23/2015,2109.66,-0.000303274
2/24/2015,2115.48,0.002758738
2/25/2015,2113.86,-0.000765784
2/26/2015,2110.74,-0.001475973
2/27/2015,2104.5,-0.002956309
3/2/2015,2117.39,0.00612497
3/3/2015,2107.78,-0.004538606
3/4/2015,2098.53,-0.004388504
3/5/2015,2101.04,0.001196075
3/6/2015,2071.26,-0.014173933
3/9/2015,2079.43,0.003944459
3/10/2015,2044.16,-0.016961379
3/11/2015,2040.24,-0.001917658
3/12/2015,2065.95,0.012601459
3/13/2015,2053.4,-0.006074687
3/16/2015,2081.19,0.013533652
3/17/2015,2074.28,-0.003320216
3/18/2015,2099.5,0.012158436
3/19/2015,2089.27,-0.004872589
3/20/2015,2108.1,0.009012717
3/23/2015,2104.42,-0.001745648
3/24/2015,2091.5,-0.006139459
3/25/2015,2061.05,-0.014558929
3/26/2015,2056.15,-0.002377429
3/27/2015,2061.02,0.002368504
3/30/2015,2086.24,0.01223666
3/31/2015,2067.89,-0.008795728
4/1/2015,2059.69,-0.003965395
4/2/2015,2066.96,0.003529657
4/7/2015,2076.33,-0.002061885
4/8/2015,2081.9,0.002682618
4/9/2015,2091.18,0.004457467
4/10/2015,2102.06,0.005202804
4/13/2015,2092.43,-0.00458122
4/14/2015,2095.84,0.001629684
4/15/2015,2106.63,0.005148294
4/16/2015,2104.99,-0.000778495
4/17/2015,2081.18,-0.011311218
4/20/2015,2100.4,0.009235145
4/21/2015,2097.29,-0.00148067
4/22/2015,2107.96,0.005087518
4/23/2015,2112.93,0.00235773
4/24/2015,2117.69,0.002252796
4/27/2015,2108.92,-0.004141305
4/28/2015,2114.76,0.00276919
4/29/2015,2106.85,-0.003740377
4/30/2015,2085.51,-0.010128865
5/1/2015,2108.29,0.010922988
5/4/2015,2114.49,0.002940772
5/5/2015,2089.46,-0.01183737
5/6/2015,2080.15,-0.004455697
5/7/2015,2088,0.003773766
5/8/2015,2116.1,0.013457854
5/11/2015,2105.33,-0.005089552
5/12/2015,2099.12,-0.002949656
5/13/2015,2098.48,-0.00030489
5/14/2015,2121.1,0.010779231
5/15/2015,2122.73,0.000768469
5/18/2015,2129.2,0.003047962
5/19/2015,2127.83,-0.000643434
5/20/2015,2125.85,-0.000930525
5/21/2015,2130.82,0.002337888
5/22/2015,2126.06,-0.002233882
5/27/2015,2123.48,0.009162627
5/28/2015,2120.79,-0.001266788
5/29/2015,2107.39,-0.0063184
6/1/2015,2111.73,0.002059419
6/2/2015,2109.6,-0.001008652
6/3/2015,2114.07,0.002118885
6/4/2015,2095.84,-0.008623177
6/5/2015,2092.83,-0.001436178
6/8/2015,2079.28,-0.006474487
6/9/2015,2080.15,0.000418414
6/10/2015,2105.2,0.012042401
6/11/2015,2108.86,0.001738552
6/12/2015,2094.11,-0.0069943
6/15/2015,2084.43,-0.004622489
6/16/2015,2096.29,0.005689805
6/17/2015,2100.44,0.001979688
6/18/2015,2121.24,0.009902687
6/19/2015,2109.99,-0.005303502
6/22/2015,2122.85,0.006094816
6/23/2015,2124.2,0.000635938
6/24/2015,2108.58,-0.007353357
6/25/2015,2102.31,-0.002973565
6/26/2015,2101.49,-0.000390047
6/29/2015,2057.64,-0.020866147
6/30/2015,2063.11,0.002658385
7/1/2015,2077.42,0.00693613
7/2/2015,2076.78,-0.000308074
7/7/2015,2081.34,0.006080937
7/8/2015,2046.68,-0.016652733
7/9/2015,2051.31,0.0022622
7/10/2015,2076.62,0.012338457
7/13/2015,2099.6,0.011066059
7/14/2015,2108.95,0.004453229
7/15/2015,2107.4,-0.000734963
7/16/2015,2124.29,0.008014615
7/17/2015,2126.64,0.001106252
7/20/2015,2128.28,0.00077117
7/21/2015,2119.21,-0.004261657
7/22/2015,2114.15,-0.002387682
7/23/2015,2102.15,-0.00567604
7/24/2015,2079.65,-0.010703328
7/27/2015,2067.64,-0.00577501
7/28/2015,2093.25,0.012386102
7/29/2015,2108.57,0.007318763
7/30/2015,2108.63,2.85E-05
7/31/2015,2103.84,-0.002271617
8/3/2015,2098.04,-0.002756864
8/4/2015,2093.32,-0.002249719
8/5/2015,2099.84,0.00311467
8/6/2015,2083.56,-0.007752972
8/7/2015,2077.57,-0.002874887
8/10/2015,2104.18,0.012808233
8/11/2015,2084.07,-0.009557167
8/12/2015,2086.05,0.000950064
8/13/2015,2083.39,-0.001275137
8/14/2015,2091.54,0.003911894
8/17/2015,2102.44,0.005211471
8/18/2015,2096.92,-0.002625521
8/19/2015,2079.61,-0.008254964
8/20/2015,2035.73,-0.02110011
8/21/2015,1970.89,-0.031850982
8/24/2015,1893.21,-0.039413666
8/25/2015,1867.61,-0.013522008
8/26/2015,1940.51,0.039033845
8/27/2015,1987.66,0.024297736
8/28/2015,1988.87,0.000608756
8/31/2015,1972.18,-0.0083917
9/1/2015,1913.85,-0.029576408
9/2/2015,1948.86,0.01829297
9/3/2015,1951.13,0.001164784
9/4/2015,1921.22,-0.015329578
9/9/2015,1942.04,-0.013897563
9/10/2015,1952.29,0.005277955
9/11/2015,1961.05,0.004487038
9/14/2015,1953.03,-0.004089646
9/15/2015,1978.09,0.012831344
9/16/2015,1995.31,0.008705367
9/17/2015,1990.2,-0.002561006
9/18/2015,1958.03,-0.016164205
9/21/2015,1966.97,0.004565814
9/22/2015,1942.74,-0.012318439
9/23/2015,1938.76,-0.002048653
9/24/2015,1932.24,-0.003362974
9/25/2015,1931.34,-0.000465781
9/28/2015,1881.77,-0.025666118
9/29/2015,1884.09,0.001232882
9/30/2015,1920.03,0.019075522
10/1/2015,1923.82,0.001973927
10/2/2015,1951.36,0.014315269
10/5/2015,1987.05,0.018289808
10/6/2015,1979.92,-0.003588234
10/7/2015,1995.83,0.008035678
10/8/2015,2013.43,0.008818386
10/9/2015,2014.89,0.000725131
10/12/2015,2017.46,0.001275504
10/13/2015,2003.69,-0.006825414
10/14/2015,1994.24,-0.004716298
10/15/2015,2023.86,0.014852776
10/16/2015,2033.11,0.004570474
10/19/2015,2033.66,0.000270522
10/20/2015,2030.77,-0.001421083
10/21/2015,2018.94,-0.005825377
10/22/2015,2052.51,0.016627537
10/23/2015,2075.15,0.011030397
10/26/2015,2071.18,-0.001913115
10/27/2015,2065.89,-0.0025541
10/28/2015,2090.35,0.011839933
10/29/2015,2089.41,-0.000449685
10/30/2015,2079.36,-0.00480997
11/2/2015,2104.05,0.011873846
11/3/2015,2109.79,0.002728072
11/4/2015,2102.31,-0.003545377
11/5/2015,2099.93,-0.001132088
11/6/2015,2099.2,-0.000347631
11/9/2015,2078.58,-0.00982279
11/10/2015,2081.72,0.001510647
11/11/2015,2075,-0.0032281
11/12/2015,2045.97,-0.013990361
11/13/2015,2023.04,-0.011207398
11/16/2015,2053.19,0.014903314
11/17/2015,2050.44,-0.001339379
11/18/2015,2083.58,0.016162385
11/19/2015,2081.24,-0.001123067
11/20/2015,2089.17,0.003810229
11/23/2015,2086.59,-0.00123494
11/24/2015,2089.14,0.00122209
11/25/2015,2088.87,-0.00012924
11/30/2015,2080.41,-0.004640904
12/1/2015,2102.63,0.010680587
12/2/2015,2079.51,-0.010995753
12/3/2015,2049.62,-0.014373578
12/4/2015,2091.69,0.020525756
12/7/2015,2077.07,-0.006989563
12/8/2015,2063.59,-0.006489911
12/9/2015,2047.62,-0.00773894
12/10/2015,2052.23,0.002251394
12/11/2015,2012.37,-0.019422774
12/14/2015,2021.94,0.004755587
12/15/2015,2043.41,0.010618515
12/16/2015,2073.07,0.014514953
12/17/2015,2041.89,-0.015040495
12/18/2015,2005.55,-0.017797237
12/21/2015,2021.15,0.007778415
12/22/2015,2038.97,0.008816763
12/23/2015,2064.29,0.012418035
12/24/2015,2060.99,-0.001598613
12/29/2015,2078.36,0.010629711
12/30/2015,2063.36,-0.007217229
12/31/2015,2043.94,-0.009411833
1/5/2016,2016.71,0.002012262
1/6/2016,1990.26,-0.013115421
1/7/2016,1943.09,-0.023700421
1/8/2016,1922.03,-0.010838407
1/11/2016,1923.67,0.000853265
1/12/2016,1938.68,0.007802794
1/13/2016,1890.28,-0.02496544
1/14/2016,1921.84,0.016695939
1/15/2016,1880.33,-0.021599093
1/20/2016,1859.33,-0.011693855
1/21/2016,1868.99,0.00519542
1/22/2016,1906.9,0.020283683
1/25/2016,1877.08,-0.015637946
1/26/2016,1903.63,0.014144309
1/27/2016,1882.95,-0.010863456
1/28/2016,1893.36,0.005528559
1/29/2016,1940.24,0.024760215
2/1/2016,1939.38,-0.000443244
2/2/2016,1903.03,-0.018743103
2/3/2016,1912.53,0.004992039
2/4/2016,1915.45,0.001526773
2/5/2016,1880.05,-0.018481297
2/8/2016,1853.44,-0.014153879
2/9/2016,1852.21,-0.000663631
2/10/2016,1851.86,-0.000188963
2/11/2016,1829.08,-0.012301146
2/12/2016,1864.78,0.019518009
2/17/2016,1926.82,0.016480444
2/18/2016,1917.83,-0.004665719
2/19/2016,1917.78,-2.61E-05
2/22/2016,1945.5,0.014454213
2/23/2016,1921.27,-0.012454382
2/24/2016,1929.8,0.004439772
2/25/2016,1951.7,0.011348326
2/26/2016,1948.05,-0.001870164
2/29/2016,1932.23,-0.008120941
3/1/2016,1978.35,0.023868794
3/2/2016,1986.45,0.004094321
3/3/2016,1993.4,0.003498704
3/4/2016,1999.99,0.00330591
3/7/2016,2001.76,0.000885004
3/8/2016,1979.26,-0.011240109
3/9/2016,1989.26,0.005052393
3/10/2016,1989.57,0.000155837
3/11/2016,2022.19,0.016395503
3/14/2016,2019.64,-0.001261009
3/15/2016,2015.93,-0.001836961
3/16/2016,2027.22,0.005600393
3/17/2016,2040.59,0.006595239
3/18/2016,2049.58,0.004405589
3/21/2016,2051.6,0.000985568
3/22/2016,2049.8,-0.000877364
3/23/2016,2036.71,-0.006385989
3/24/2016,2035.94,-0.000378061
3/29/2016,2055.01,0.008816671
3/30/2016,2063.95,0.004350344
3/31/2016,2059.74,-0.002039778
4/1/2016,2072.78,0.006330896
4/4/2016,2066.13,-0.003208252
4/5/2016,2045.17,-0.01014457
4/6/2016,2066.66,0.010507684
4/7/2016,2041.91,-0.011975845
4/8/2016,2047.6,0.002786607
4/11/2016,2041.99,-0.002739793
4/12/2016,2061.72,0.009662143
4/13/2016,2082.42,0.010040161
4/14/2016,2082.78,0.000172876
4/15/2016,2080.73,-0.000984261
4/18/2016,2094.34,0.006540974
4/19/2016,2100.8,0.003084504
4/20/2016,2102.4,0.000761615
4/21/2016,2091.48,-0.005194064
4/22/2016,2091.58,4.78E-05
4/25/2016,2087.79,-0.001812027
4/26/2016,2091.7,0.001872794
4/27/2016,2095.15,0.001649376
4/28/2016,2075.81,-0.009230843
4/29/2016,2065.3,-0.005063084
5/2/2016,2081.43,0.007810003
5/3/2016,2063.37,-0.008676727
5/4/2016,2051.12,-0.00593689
5/5/2016,2050.63,-0.000238894
5/6/2016,2057.14,0.003174634
5/9/2016,2058.69,0.000753473
5/10/2016,2084.39,0.012483667
5/11/2016,2064.46,-0.00956155
5/12/2016,2064.11,-0.000169536
5/13/2016,2046.61,-0.00847823
5/16/2016,2066.66,0.009796688
5/17/2016,2047.21,-0.009411321
5/18/2016,2047.63,0.000205157
5/19/2016,2040.04,-0.003706724
5/20/2016,2052.32,0.00601949
5/23/2016,2048.04,-0.002085445
5/24/2016,2076.06,0.013681373
5/25/2016,2090.54,0.00697475
5/26/2016,2090.1,-0.000210472
5/27/2016,2099.06,0.004286876
6/1/2016,2099.33,0.001130208
6/2/2016,2105.26,0.002824711
6/3/2016,2099.13,-0.002911754
6/6/2016,2109.41,0.004897267
6/7/2016,2112.13,0.00128946
6/8/2016,2119.12,0.003309455
6/9/2016,2115.48,-0.001717694
6/10/2016,2096.07,-0.009175223
6/13/2016,2079.06,-0.008115187
6/14/2016,2075.32,-0.00179889
6/15/2016,2071.5,-0.00184068
6/16/2016,2077.99,0.003132995
6/17/2016,2071.22,-0.003257956
6/20/2016,2083.25,0.005808171
6/21/2016,2088.9,0.002712108
6/22/2016,2085.45,-0.001651587
6/23/2016,2113.32,0.013364022
6/24/2016,2037.41,-0.035919785
6/27/2016,2000.54,-0.018096505
6/28/2016,2036.09,0.017770202
6/29/2016,2070.77,0.017032646
6/30/2016,2098.86,0.013565002
7/1/2016,2102.95,0.001948677
7/6/2016,2099.73,0.005352996
7/7/2016,2097.9,-0.000871541
7/8/2016,2129.9,0.015253349
7/11/2016,2137.16,0.003408611
7/12/2016,2152.14,0.007009302
7/13/2016,2152.43,0.00013475
7/14/2016,2163.75,0.005259172
7/15/2016,2161.74,-0.000928943
7/18/2016,2166.89,0.00238234
7/19/2016,2163.78,-0.001435237
7/20/2016,2173.02,0.004270305
7/21/2016,2165.17,-0.003612484
7/22/2016,2175.03,0.004553915
7/25/2016,2168.48,-0.003011453
7/26/2016,2169.18,0.000322807
7/27/2016,2166.58,-0.00119861
7/28/2016,2170.06,0.001606218
7/29/2016,2173.6,0.001631291
8/1/2016,2170.84,-0.001269783
8/2/2016,2157.03,-0.006361593
8/3/2016,2163.79,0.003133939
8/4/2016,2164.25,0.00021259
8/5/2016,2182.87,0.008603442
8/8/2016,2180.89,-0.000907063
8/9/2016,2181.74,0.000389749
8/10/2016,2175.49,-0.002864686
8/11/2016,2185.79,0.004734566
8/12/2016,2184.05,-0.000796051
8/15/2016,2190.15,0.002792976
8/16/2016,2178.15,-0.005479077
8/17/2016,2182.22,0.001868558
8/18/2016,2187.02,0.002199595
8/19/2016,2183.87,-0.001440316
8/22/2016,2182.64,-0.00056322
8/23/2016,2186.9,0.001951765
8/24/2016,2175.44,-0.005240294
8/25/2016,2172.47,-0.001365241
8/26/2016,2169.04,-0.001578848
8/29/2016,2180.38,0.005228119
8/30/2016,2176.12,-0.001953788
8/31/2016,2170.95,-0.002375788
9/1/2016,2170.86,-4.15E-05
9/2/2016,2179.98,0.0042011
9/7/2016,2186.16,-0.000146354
9/8/2016,2181.3,-0.002223076
9/9/2016,2127.81,-0.024522074
9/12/2016,2159.04,0.014677062
9/13/2016,2127.02,-0.014830665
9/14/2016,2125.77,-0.000587677
9/15/2016,2147.26,0.010109278
9/16/2016,2139.16,-0.003772249
9/19/2016,2139.12,-1.87E-05
9/20/2016,2139.76,0.000299188
9/21/2016,2163.12,0.010917112
9/22/2016,2177.18,0.006499871
9/23/2016,2164.69,-0.005736779
9/26/2016,2146.1,-0.008587835
9/27/2016,2159.93,0.006444248
9/28/2016,2171.37,0.005296468
9/29/2016,2151.13,-0.009321304
9/30/2016,2168.27,0.007967905
10/3/2016,2161.2,-0.003260664
10/4/2016,2150.49,-0.00495558
10/5/2016,2159.73,0.004296695
10/6/2016,2160.77,0.000481542
10/7/2016,2153.74,-0.00325347
10/10/2016,2163.66,0.004605941
10/11/2016,2136.73,-0.012446503
10/12/2016,2139.18,0.001146612
10/13/2016,2132.55,-0.003099318
10/14/2016,2132.98,0.000201637
10/17/2016,2126.5,-0.003038003
10/18/2016,2139.6,0.006160357
10/19/2016,2144.29,0.002191999
10/20/2016,2141.34,-0.001375747
10/21/2016,2141.16,-8.41E-05
10/24/2016,2151.33,0.004749762
10/25/2016,2143.16,-0.003797651
10/26/2016,2139.43,-0.001740421
10/27/2016,2133.04,-0.002986777
10/28/2016,2126.41,-0.00310824
10/31/2016,2126.15,-0.000122272
11/1/2016,2111.72,-0.006786915
11/2/2016,2097.94,-0.006525486
11/3/2016,2088.66,-0.004423387
11/4/2016,2085.18,-0.00166614
11/7/2016,2131.52,0.022223501
11/8/2016,2139.56,0.003771956
11/9/2016,2163.26,0.011077044
11/10/2016,2167.48,0.00195076
11/11/2016,2164.45,-0.001397937
11/14/2016,2164.2,-0.000115503
11/15/2016,2180.39,0.007480824
11/16/2016,2176.94,-0.001582286
11/17/2016,2187.12,0.004676289
11/18/2016,2181.9,-0.0023867
11/21/2016,2198.18,0.007461387
11/22/2016,2202.94,0.002165428
11/23/2016,2204.72,0.000808011
11/28/2016,2201.72,-0.005254479
11/29/2016,2204.66,0.00133532
11/30/2016,2198.81,-0.00265347
12/1/2016,2191.08,-0.003515538
12/2/2016,2191.95,0.000397064
12/5/2016,2204.71,0.005821301
12/6/2016,2212.23,0.003410879
12/7/2016,2241.35,0.013163188
12/8/2016,2246.19,0.002159413
12/9/2016,2259.53,0.005938946
12/12/2016,2256.96,-0.001137405
12/13/2016,2271.72,0.00653977
12/14/2016,2253.28,-0.008117198
12/15/2016,2262.03,0.003883228
12/16/2016,2258.07,-0.00175064
12/19/2016,2262.53,0.001975138
12/20/2016,2270.76,0.003637521
12/21/2016,2265.18,-0.002457327
12/22/2016,2260.96,-0.001862987
12/23/2016,2263.79,0.001251681
12/28/2016,2249.92,-0.008356546
12/29/2016,2249.26,-0.000293344
12/30/2016,2238.83,-0.004637081
1/4/2017,2270.75,0.005722309
1/5/2017,2269,-0.00077067
1/6/2017,2276.98,0.003516968
1/9/2017,2268.9,-0.00354856
1/10/2017,2268.9,0
1/11/2017,2275.32,0.002829565
1/12/2017,2270.44,-0.002144753
1/13/2017,2274.64,0.001849862
1/18/2017,2271.89,0.001763754
1/19/2017,2263.69,-0.00360933
1/20/2017,2271.31,0.003366185
1/23/2017,2265.2,-0.002690078
1/24/2017,2280.07,0.006564542
1/25/2017,2298.37,0.008026069
1/26/2017,2296.68,-0.000735304
1/27/2017,2294.69,-0.000866468
1/30/2017,2280.9,-0.006009526
1/31/2017,2278.87,-0.00089
2/1/2017,2279.55,0.000298394
2/2/2017,2280.85,0.000570288
2/3/2017,2297.42,0.007264835
2/6/2017,2292.56,-0.002115416
2/7/2017,2293.08,0.000226821
2/8/2017,2294.67,0.000693391
2/9/2017,2307.87,0.005752461
2/10/2017,2316.1,0.003566059
2/13/2017,2328.25,0.005245887
2/14/2017,2337.58,0.004007302
2/15/2017,2349.25,0.004992343
2/16/2017,2347.22,-0.000864106
2/17/2017,2351.16,0.001678581
2/22/2017,2362.82,-0.001082279
2/23/2017,2363.81,0.000418991
2/24/2017,2367.34,0.001493352
2/27/2017,2369.75,0.00101802
2/28/2017,2363.64,-0.002578331
3/1/2017,2395.96,0.013673825
3/2/2017,2381.92,-0.005859864
3/3/2017,2383.12,0.000503795
3/6/2017,2375.31,-0.003277216
3/7/2017,2368.39,-0.002913304
3/8/2017,2362.98,-0.002284252
3/9/2017,2364.87,0.000799837
3/10/2017,2372.6,0.003268679
3/13/2017,2373.47,0.000366686
3/14/2017,2365.45,-0.003379019
3/15/2017,2385.26,0.008374728
3/16/2017,2381.38,-0.001626657
3/17/2017,2378.25,-0.001314364
3/20/2017,2373.47,-0.002009881
3/21/2017,2344.02,-0.012407993
3/22/2017,2348.45,0.001889916
3/23/2017,2345.96,-0.001060274
3/24/2017,2343.98,-0.000844004
3/27/2017,2341.59,-0.001019633
3/28/2017,2358.57,0.007251483
3/29/2017,2361.13,0.001085403
3/30/2017,2368.06,0.002935035
3/31/2017,2362.72,-0.00225501
4/3/2017,2358.84,-0.001642175
4/4/2017,2360.16,0.000559597
4/5/2017,2352.95,-0.003054878
4/6/2017,2357.49,0.001929493
4/7/2017,2355.54,-0.000827151
4/10/2017,2357.16,0.00068774
4/11/2017,2353.78,-0.001433929
4/12/2017,2344.93,-0.00375991
4/13/2017,2328.95,-0.006814702
4/18/2017,2342.19,-0.002903351
4/19/2017,2338.17,-0.001716342
4/20/2017,2355.84,0.007557192
4/21/2017,2348.69,-0.003035011
4/24/2017,2374.15,0.010840085
4/25/2017,2388.61,0.006090601
4/26/2017,2387.45,-0.000485638
4/27/2017,2388.77,0.000552891
4/28/2017,2384.2,-0.001913118
5/1/2017,2388.33,0.001732237
5/2/2017,2391.17,0.001189115
5/3/2017,2388.13,-0.001271344
5/4/2017,2389.52,0.000582045
5/5/2017,2399.29,0.004088687
5/8/2017,2399.38,3.75E-05
5/9/2017,2396.92,-0.001025265
5/10/2017,2399.63,0.001130618
5/11/2017,2394.44,-0.002162833
5/12/2017,2390.9,-0.001478425
5/15/2017,2402.32,0.004776444
5/16/2017,2400.67,-0.000686836
5/17/2017,2357.03,-0.018178259
5/18/2017,2365.72,0.003686843
5/19/2017,2381.73,0.006767496
5/22/2017,2394.02,0.005160115
5/23/2017,2398.42,0.001837913
5/24/2017,2404.39,0.002489139
5/25/2017,2415.07,0.004441875
5/26/2017,2415.82,0.00031055
5/31/2017,2411.8,-0.000460025
6/1/2017,2430.06,0.007571109
6/2/2017,2439.07,0.003707727
6/5/2017,2436.1,-0.001217677
6/6/2017,2429.33,-0.002779032
6/7/2017,2433.14,0.001568334
6/8/2017,2433.79,0.000267145
6/9/2017,2431.77,-0.000829981
6/12/2017,2429.39,-0.000978711
6/13/2017,2440.35,0.004511421
6/14/2017,2437.92,-0.000995759
6/15/2017,2432.46,-0.002239614
6/16/2017,2433.15,0.000283663
6/19/2017,2453.46,0.008347204
6/20/2017,2437.03,-0.006696665
6/21/2017,2435.61,-0.000582676
6/22/2017,2434.5,-0.000455738
6/23/2017,2438.3,0.001560895
6/26/2017,2439.07,0.000315794
6/27/2017,2419.38,-0.008072749
6/28/2017,2440.69,0.008808042
6/29/2017,2419.7,-0.008600027
6/30/2017,2423.41,0.001533248
7/3/2017,2429.01,0.002310793
7/6/2017,2409.75,-0.009368808
7/7/2017,2425.18,0.006403154
7/10/2017,2427.43,0.000927766
7/11/2017,2425.53,-0.000782721
7/12/2017,2443.25,0.00730562
7/13/2017,2447.83,0.001874552
7/14/2017,2459.27,0.004673527
7/17/2017,2459.14,-5.29E-05
7/18/2017,2460.61,0.00059777
7/19/2017,2473.83,0.005372651
7/20/2017,2473.45,-0.000153608
7/21/2017,2472.54,-0.000367907
7/24/2017,2469.91,-0.001063683
7/25/2017,2477.13,0.002923183
7/26/2017,2477.83,0.000282585
7/27/2017,2475.42,-0.000972625
7/28/2017,2472.1,-0.001341187
7/31/2017,2470.3,-0.000728126
8/1/2017,2476.35,0.002449095
8/2/2017,2477.57,0.000492661
8/3/2017,2472.16,-0.002183591
8/4/2017,2476.83,0.001889036
8/7/2017,2480.91,0.001647267
8/8/2017,2474.92,-0.002414437
8/9/2017,2474.02,-0.000363648
8/10/2017,2438.21,-0.014474418
8/11/2017,2441.32,0.001275526
8/14/2017,2465.84,0.010043747
8/15/2017,2464.61,-0.000498816
8/16/2017,2468.11,0.001420103
8/17/2017,2430.01,-0.015436913
8/18/2017,2425.55,-0.001835383
8/21/2017,2428.37,0.001162623
8/22/2017,2452.51,0.009940825
8/23/2017,2444.04,-0.003453605
8/24/2017,2438.97,-0.002074434
8/25/2017,2443.05,0.001672837
8/28/2017,2444.24,0.000487096
8/29/2017,2446.3,0.000842798
8/30/2017,2457.59,0.004615133
8/31/2017,2471.65,0.005721052
9/1/2017,2476.55,0.001982481
9/6/2017,2465.54,0.003128751
9/7/2017,2465.1,-0.00017846
9/8/2017,2461.43,-0.001488783
9/11/2017,2488.11,0.010839228
9/12/2017,2496.48,0.003363999
9/13/2017,2498.37,0.000757066
9/14/2017,2495.62,-0.001100718
9/15/2017,2500.23,0.001847236
9/18/2017,2503.87,0.001455866
9/19/2017,2506.65,0.001110281
9/20/2017,2508.24,0.000634313
9/21/2017,2500.6,-0.003045961
9/22/2017,2502.22,0.000647845
9/25/2017,2496.66,-0.002222027
9/26/2017,2496.84,7.21E-05
9/27/2017,2507.04,0.004085164
9/28/2017,2510.06,0.001204608
9/29/2017,2519.36,0.003705091
10/2/2017,2529.12,0.003874
10/3/2017,2534.58,0.002158854
10/4/2017,2537.74,0.001246755
10/5/2017,2552.07,0.005646757
10/6/2017,2549.33,-0.001073638
10/9/2017,2544.73,-0.001804396
10/10/2017,2550.64,0.002322447
10/11/2017,2555.24,0.001803469
10/12/2017,2550.93,-0.00168673
10/13/2017,2553.17,0.000878111
10/16/2017,2557.64,0.001750765
10/17/2017,2559.36,0.000672495
10/18/2017,2561.26,0.000742373
10/19/2017,2562.1,0.000327964
10/20/2017,2575.21,0.005116896
10/23/2017,2564.98,-0.003972492
10/24/2017,2569.13,0.001617946
10/25/2017,2557.15,-0.004663057
10/26/2017,2560.4,0.001270946
10/27/2017,2581.07,0.008072957
10/30/2017,2572.83,-0.003192474
10/31/2017,2575.26,0.000944485
11/1/2017,2579.36,0.001592072
11/2/2017,2579.85,0.00018997
11/3/2017,2587.84,0.003097079
11/6/2017,2591.13,0.001271331
11/7/2017,2590.64,-0.000189107
11/8/2017,2594.38,0.001443659
11/9/2017,2584.62,-0.003761978
11/10/2017,2582.3,-0.000897617
11/13/2017,2584.84,0.000983619
11/14/2017,2578.87,-0.002309621
11/15/2017,2564.62,-0.005525676
11/16/2017,2585.64,0.008196146
11/17/2017,2578.85,-0.002626042
11/20/2017,2582.14,0.001275762
11/21/2017,2599.03,0.006541086
11/22/2017,2597.08,-0.00075028
11/27/2017,2601.42,-0.000384258
11/28/2017,2627.04,0.009848467
11/29/2017,2626.07,-0.000369237
11/30/2017,2647.58,0.008190947
12/1/2017,2642.22,-0.00202449
12/4/2017,2639.44,-0.001052146
12/5/2017,2629.57,-0.00373943
12/6/2017,2629.27,-0.000114087
12/7/2017,2636.98,0.002932373
12/8/2017,2651.5,0.005506299
12/11/2017,2659.99,0.003201961
12/12/2017,2664.11,0.001548878
12/13/2017,2662.85,-0.000472953
12/14/2017,2652.01,-0.004070826
12/15/2017,2675.81,0.008974325
12/18/2017,2690.16,0.005362862
12/19/2017,2681.47,-0.003230291
12/20/2017,2679.25,-0.000827904
12/21/2017,2684.57,0.00198563
12/22/2017,2683.34,-0.000458174
12/27/2017,2682.62,0.000790897
12/28/2017,2687.54,0.001834028
12/29/2017,2673.61,-0.005183179
1/3/2018,2713.06,0.006398819
1/4/2018,2723.99,0.004028661
1/5/2018,2743.15,0.0070338
1/8/2018,2747.71,0.001662323
1/9/2018,2751.29,0.001302903
1/10/2018,2748.23,-0.001112206
1/11/2018,2767.56,0.007033618
1/12/2018,2786.24,0.006749628
1/17/2018,2802.56,0.009415002
1/18/2018,2798.03,-0.001616379
1/19/2018,2810.3,0.004385228
1/22/2018,2832.97,0.008066754
1/23/2018,2839.13,0.002174396
1/24/2018,2837.54,-0.000560031
1/25/2018,2839.25,0.000602635
1/26/2018,2872.87,0.011841155
1/29/2018,2853.53,-0.006731944
1/30/2018,2822.43,-0.010898782
1/31/2018,2823.81,0.00048894
2/1/2018,2821.98,-0.000648061
2/2/2018,2762.13,-0.021208513
2/5/2018,2648.94,-0.040979244
2/6/2018,2695.14,0.017440939
2/7/2018,2681.66,-0.005001595
2/8/2018,2581,-0.037536451
2/9/2018,2619.55,0.014936071
2/12/2018,2656,0.013914604
2/13/2018,2662.94,0.002612952
2/14/2018,2698.63,0.01340248
2/15/2018,2731.2,0.012069087
2/16/2018,2732.22,0.000373462
2/21/2018,2701.33,-0.005496528
2/22/2018,2703.96,0.000973594
2/23/2018,2747.3,0.016028344
2/26/2018,2779.6,0.011756998
2/27/2018,2744.28,-0.012706864
2/28/2018,2713.83,-0.011095807
3/1/2018,2677.67,-0.013324342
3/2/2018,2691.25,0.005071573
3/5/2018,2720.94,0.011032048
3/6/2018,2728.12,0.002638794
3/7/2018,2726.8,-0.00048385
3/8/2018,2738.97,0.004463107
3/9/2018,2786.57,0.017378796
3/12/2018,2783.02,-0.001273968
3/13/2018,2765.31,-0.006363591
3/14/2018,2749.48,-0.005724494
3/15/2018,2747.33,-0.000781966
3/16/2018,2752.01,0.001703472
3/19/2018,2712.92,-0.014204164
3/20/2018,2716.94,0.001481798
3/21/2018,2711.93,-0.001843986
3/22/2018,2643.69,-0.025162891
3/23/2018,2588.26,-0.020966906
3/26/2018,2658.55,0.027157241
3/27/2018,2612.62,-0.017276335
3/28/2018,2605,-0.002916612
3/29/2018,2640.87,0.013769674
4/3/2018,2614.45,0.012614839
4/4/2018,2644.69,0.011566486
4/5/2018,2662.84,0.006862808
4/6/2018,2604.47,-0.021920205
4/9/2018,2613.16,0.003336571
4/10/2018,2656.87,0.016726875
4/11/2018,2642.19,-0.005525299
4/12/2018,2663.99,0.008250731
4/13/2018,2656.3,-0.002886647
4/16/2018,2677.84,0.008109024
4/17/2018,2706.39,0.010661578
4/18/2018,2708.64,0.000831366
4/19/2018,2693.13,-0.005726121
4/20/2018,2670.14,-0.008536536
4/23/2018,2670.29,5.62E-05
4/24/2018,2634.56,-0.013380569
4/25/2018,2639.4,0.001837119
4/26/2018,2666.94,0.01043419
4/27/2018,2669.91,0.001113636
4/30/2018,2648.05,-0.008187542
5/1/2018,2654.8,0.002549046
5/2/2018,2635.67,-0.007205816
5/3/2018,2629.73,-0.002253696
5/4/2018,2663.42,0.012811201
5/7/2018,2672.63,0.00345796
5/8/2018,2671.92,-0.000265656
5/9/2018,2697.79,0.009682176
5/10/2018,2723.07,0.009370633
5/11/2018,2727.72,0.001707631
5/14/2018,2730.13,0.000883522
5/15/2018,2711.45,-0.006842165
5/16/2018,2722.46,0.004060558
5/17/2018,2720.13,-0.000855844
5/18/2018,2712.97,-0.002632227
5/21/2018,2733.01,0.007386739
5/22/2018,2724.44,-0.003135737
5/23/2018,2733.29,0.003248374
5/24/2018,2727.76,-0.002023203
5/25/2018,2721.33,-0.002357246
5/30/2018,2724.01,0.012695828
5/31/2018,2705.27,-0.006879564
6/1/2018,2734.62,0.010849194
6/4/2018,2746.87,0.004479599
6/5/2018,2748.8,0.000702618
6/6/2018,2772.35,0.008567375
6/7/2018,2770.37,-0.000714196
6/8/2018,2779.03,0.003125936
6/11/2018,2782,0.001068718
6/12/2018,2786.85,0.00174335
6/13/2018,2775.63,-0.004026051
6/14/2018,2782.49,0.002471511
6/15/2018,2779.66,-0.001017075
6/18/2018,2773.75,-0.002126159
6/19/2018,2762.59,-0.004023434
6/20/2018,2767.32,0.001712161
6/21/2018,2749.76,-0.006345489
6/22/2018,2754.88,0.001861981
6/25/2018,2717.07,-0.013724736
6/26/2018,2723.06,0.002204581
6/27/2018,2699.63,-0.008604291
6/28/2018,2716.31,0.006178624
6/29/2018,2718.37,0.000758382
7/2/2018,2726.71,0.003068015
7/3/2018,2713.22,-0.004947354
7/6/2018,2759.82,0.008481296
7/9/2018,2784.17,0.008823039
7/10/2018,2793.84,0.003473207
7/11/2018,2774.02,-0.007094179
7/12/2018,2798.29,0.008749036
7/13/2018,2801.31,0.001079231
7/16/2018,2798.43,-0.00102809
7/17/2018,2809.55,0.003973657
7/18/2018,2815.62,0.002160488
7/19/2018,2804.49,-0.003952948
7/20/2018,2801.83,-0.000948479
7/23/2018,2806.98,0.001838084
7/24/2018,2820.4,0.004780939
7/25/2018,2846.07,0.009101546
7/26/2018,2837.44,-0.003032251
7/27/2018,2818.82,-0.006562253
7/30/2018,2802.6,-0.005754181
7/31/2018,2816.29,0.00488475
8/1/2018,2813.36,-0.001040376
8/2/2018,2827.22,0.004926494
8/3/2018,2840.35,0.004644138
8/6/2018,2850.4,0.003538296
8/7/2018,2858.45,0.002824165
8/8/2018,2857.7,-0.00026238
8/9/2018,2853.58,-0.001441719
8/10/2018,2833.28,-0.007113871
8/13/2018,2821.93,-0.004005958
8/14/2018,2839.96,0.006389244
8/15/2018,2818.37,-0.00760222
8/16/2018,2840.69,0.007919471
8/17/2018,2850.13,0.003323136
8/20/2018,2857.05,0.002427959
8/21/2018,2862.96,0.002068567
8/22/2018,2861.82,-0.000398189
8/23/2018,2856.98,-0.001691231
8/24/2018,2874.69,0.006198853
8/27/2018,2896.74,0.007670392
8/28/2018,2897.52,0.000269268
8/29/2018,2914.04,0.005701427
8/30/2018,2901.13,-0.004430275
8/31/2018,2901.52,0.00013443
9/5/2018,2888.6,-0.00280317
9/6/2018,2878.05,-0.003652288
9/7/2018,2871.68,-0.002213304
9/10/2018,2877.13,0.001897844
9/11/2018,2887.89,0.003739838
9/12/2018,2888.92,0.000356662
9/13/2018,2904.18,0.005282251
9/14/2018,2904.98,0.000275465
9/17/2018,2888.8,-0.005569746
9/18/2018,2904.31,0.005369011
9/19/2018,2907.95,0.00125331
9/20/2018,2930.75,0.007840575
9/21/2018,2929.67,-0.000368506
9/24/2018,2919.37,-0.003515754
9/25/2018,2915.56,-0.001305076
9/26/2018,2905.97,-0.003289248
9/27/2018,2914,0.002763277
9/28/2018,2913.98,-6.86E-06
10/1/2018,2924.59,0.003641068
10/2/2018,2923.43,-0.000396637
10/3/2018,2925.51,0.000711493
10/4/2018,2901.61,-0.008169516
10/5/2018,2885.57,-0.005527966
10/8/2018,2884.43,-0.000395069
10/9/2018,2880.34,-0.001417958
10/10/2018,2785.68,-0.032864176
10/11/2018,2728.37,-0.020573074
10/12/2018,2767.13,0.014206284
10/15/2018,2750.79,-0.005905035
10/16/2018,2809.92,0.021495643
10/17/2018,2809.21,-0.000252676
10/18/2018,2768.78,-0.014391946
10/19/2018,2767.78,-0.00036117
10/22/2018,2755.88,-0.004299475
10/23/2018,2740.69,-0.005511851
10/24/2018,2656.1,-0.03086449
10/25/2018,2705.57,0.018625052
10/26/2018,2658.69,-0.017327218
10/29/2018,2641.25,-0.006559621
10/30/2018,2682.63,0.015666824
10/31/2018,2711.74,0.010851291
11/1/2018,2740.37,0.010557797
11/2/2018,2723.06,-0.006316665
11/5/2018,2738.31,0.005600317
11/6/2018,2755.45,0.006259335
11/7/2018,2813.89,0.021208877
11/8/2018,2806.83,-0.002508982
11/9/2018,2781.01,-0.00919899
11/12/2018,2726.22,-0.019701475
11/13/2018,2722.18,-0.001481905
11/14/2018,2701.58,-0.007567464
11/15/2018,2730.2,0.010593801
11/16/2018,2736.27,0.00222328
11/19/2018,2690.73,-0.016643094
11/20/2018,2641.89,-0.018151208
11/21/2018,2649.93,0.003043276
11/26/2018,2673.45,0.01553241
11/27/2018,2682.17,0.003261703
11/28/2018,2743.79,0.022973935
11/29/2018,2737.76,-0.00219769
11/30/2018,2760.17,0.008185524
12/3/2018,2790.37,0.010941355
12/4/2018,2700.06,-0.032364884
12/7/2018,2633.08,-0.023320165
12/10/2018,2637.72,0.001762195
12/11/2018,2636.78,-0.000356368
12/12/2018,2651.07,0.005419489
12/13/2018,2650.54,-0.000199919
12/14/2018,2599.95,-0.019086677
12/17/2018,2545.94,-0.020773476
12/18/2018,2546.16,8.64E-05
12/19/2018,2506.96,-0.015395733
12/20/2018,2467.42,-0.015772091
12/21/2018,2416.62,-0.020588307
12/24/2018,2351.1,-0.027112248
12/27/2018,2488.83,0.008562629
12/28/2018,2485.74,-0.001241547
12/31/2018,2506.85,0.008492441
1/3/2019,2447.89,-0.024756676
1/4/2019,2531.94,0.034335693
1/7/2019,2549.69,0.007010435
1/8/2019,2574.41,0.009695296
1/9/2019,2584.96,0.004098026
1/10/2019,2596.64,0.004518445
1/11/2019,2596.26,-0.000146343
1/14/2019,2582.61,-0.005257563
1/15/2019,2610.3,0.010721712
1/16/2019,2616.1,0.002221967
1/17/2019,2635.96,0.007591453
1/18/2019,2670.71,0.013183053
1/23/2019,2638.7,0.002202894
1/24/2019,2642.33,0.001375677
1/25/2019,2664.76,0.00848872
1/28/2019,2643.85,-0.007846861
1/29/2019,2640,-0.00145621
1/30/2019,2681.05,0.015549242
1/31/2019,2704.1,0.008597378
2/1/2019,2706.53,0.000898635
2/4/2019,2724.87,0.006776204
2/5/2019,2737.7,0.004708482
2/6/2019,2731.61,-0.002224495
2/7/2019,2706.05,-0.009357119
2/8/2019,2707.88,0.000676262
2/11/2019,2709.8,0.000709042
2/12/2019,2744.73,0.01289025
2/13/2019,2753.03,0.003023977
2/14/2019,2745.73,-0.002651624
2/15/2019,2775.6,0.01087871
2/20/2019,2784.7,0.001777132
2/21/2019,2774.88,-0.003526412
2/22/2019,2792.67,0.006411088
2/25/2019,2796.11,0.001231796
2/26/2019,2793.9,-0.000790384
2/27/2019,2792.38,-0.000544042
2/28/2019,2784.49,-0.002825547
3/1/2019,2803.69,0.006895338
3/4/2019,2792.81,-0.0038806
3/5/2019,2789.65,-0.001131477
3/6/2019,2771.45,-0.006524116
3/7/2019,2748.93,-0.00812571
3/8/2019,2743.07,-0.002131739
3/11/2019,2783.3,0.014666049
3/12/2019,2791.52,0.002953329
3/13/2019,2810.92,0.006949619
3/14/2019,2808.48,-0.000868043
3/15/2019,2822.48,0.004984903
3/18/2019,2832.94,0.003705961
3/19/2019,2832.57,-0.000130606
3/20/2019,2824.23,-0.002944323
3/21/2019,2854.88,0.010852516
3/22/2019,2800.71,-0.018974528
3/25/2019,2798.36,-0.000839073
3/26/2019,2818.46,0.007182778
3/27/2019,2805.37,-0.00464438
3/28/2019,2815.44,0.003589544
3/29/2019,2834.4,0.006734294
4/1/2019,2867.19,0.011568586
4/2/2019,2867.24,1.74E-05
4/3/2019,2873.4,0.002148408
4/4/2019,2879.39,0.002084638
4/5/2019,2892.74,0.004636399
4/8/2019,2895.77,0.00104745
4/9/2019,2878.2,-0.006067471
4/10/2019,2888.21,0.003477868
4/11/2019,2888.32,3.81E-05
4/12/2019,2907.41,0.006609378
4/15/2019,2905.58,-0.000629426
4/16/2019,2907.06,0.000509365
4/17/2019,2900.45,-0.002273775
4/18/2019,2905.03,0.001579065
4/23/2019,2933.68,0.008841219
4/24/2019,2927.25,-0.002191786
4/25/2019,2926.17,-0.000368947
4/26/2019,2939.88,0.004685305
4/29/2019,2943.03,0.001071472
4/30/2019,2945.83,0.0009514
5/1/2019,2923.73,-0.00750213
5/2/2019,2917.52,-0.002123999
5/3/2019,2945.64,0.009638323
5/6/2019,2932.47,-0.004471015
5/7/2019,2884.05,-0.016511678
5/8/2019,2879.42,-0.001605381
5/9/2019,2870.72,-0.003021442
5/10/2019,2881.4,0.003720321
5/13/2019,2811.87,-0.024130631
5/14/2019,2834.41,0.008016018
5/15/2019,2850.96,0.005838958
5/16/2019,2876.32,0.008895249
5/17/2019,2859.53,-0.00583732
5/20/2019,2840.23,-0.006749361
5/21/2019,2864.36,0.008495791
5/22/2019,2856.27,-0.002824366
5/23/2019,2822.24,-0.01191414
5/24/2019,2826.06,0.001353535
5/29/2019,2783.02,-0.006911957
5/30/2019,2788.86,0.00209844
5/31/2019,2752.06,-0.013195356
6/3/2019,2744.45,-0.002765201
6/4/2019,2803.27,0.021432345
6/5/2019,2826.15,0.008161897
6/6/2019,2843.49,0.006135555
6/7/2019,2873.34,0.010497663
6/10/2019,2886.73,0.004660082
6/11/2019,2885.72,-0.000349877
6/12/2019,2879.84,-0.00203762
6/13/2019,2891.64,0.00409745
6/14/2019,2886.98,-0.001611542
6/17/2019,2889.67,0.00093177
6/18/2019,2917.75,0.009717373
6/19/2019,2926.46,0.002985177
6/20/2019,2954.18,0.009472195
6/21/2019,2950.46,-0.001259233
6/24/2019,2945.35,-0.001731933
6/25/2019,2917.38,-0.009496325
6/26/2019,2913.78,-0.001233984
6/27/2019,2924.92,0.003823212
6/28/2019,2941.76,0.005757422
7/1/2019,2964.33,0.007672278
7/2/2019,2973.01,0.002928149
7/3/2019,2995.82,0.007672359
7/8/2019,2975.95,-0.004835457
7/9/2019,2979.63,0.00123658
7/10/2019,2993.07,0.004510627
7/11/2019,2999.91,0.002285279
7/12/2019,3013.77,0.004620139
7/15/2019,3014.3,0.000175859
7/16/2019,3004.04,-0.003403775
7/17/2019,2984.42,-0.006531205
7/18/2019,2995.11,0.003581936
7/19/2019,2976.61,-0.006176735
7/22/2019,2985.03,0.002828721
7/23/2019,3005.47,0.006847502
7/24/2019,3019.56,0.004688119
7/25/2019,3003.67,-0.005262356
7/26/2019,3025.86,0.007387629
7/29/2019,3020.97,-0.001616069
7/30/2019,3013.18,-0.002578642
7/31/2019,2980.38,-0.01088551
8/1/2019,2953.56,-0.008998852
8/2/2019,2932.05,-0.007282737
8/5/2019,2844.74,-0.029777801
8/6/2019,2881.77,0.013017007
8/7/2019,2883.98,0.00076689
8/8/2019,2938.09,0.018762266
8/9/2019,2918.65,-0.006616543
8/12/2019,2883.75,-0.011957583
8/13/2019,2926.32,0.014762029
8/14/2019,2840.6,-0.029292764
8/15/2019,2847.6,0.002464268
8/16/2019,2888.68,0.014426183
8/19/2019,2923.65,0.012105875
8/20/2019,2900.51,-0.007914764
8/21/2019,2924.43,0.008246826
8/22/2019,2922.95,-0.000506082
8/23/2019,2847.11,-0.02594639
8/26/2019,2878.38,0.010983067
8/27/2019,2869.16,-0.003203191
8/28/2019,2887.94,0.00654547
8/29/2019,2924.58,0.012687244
8/30/2019,2926.46,0.000642827
9/4/2019,2937.78,0.010842076
9/5/2019,2976,0.013009824
9/6/2019,2978.71,0.000910618
9/9/2019,2978.43,-9.40E-05
9/10/2019,2979.39,0.000322317
9/11/2019,3000.93,0.007229668
9/12/2019,3009.57,0.002879107
9/13/2019,3007.39,-0.000724356
9/16/2019,2997.96,-0.003135609
9/17/2019,3005.7,0.002581756
9/18/2019,3006.73,0.000342682
9/19/2019,3006.79,2.00E-05
9/20/2019,2992.07,-0.004895586
9/23/2019,2991.78,-9.69E-05
9/24/2019,2966.6,-0.008416394
9/25/2019,2984.87,0.006158565
9/26/2019,2977.62,-0.002428917
9/27/2019,2961.79,-0.005316326
9/30/2019,2976.74,0.005047623
10/1/2019,2940.25,-0.012258377
10/2/2019,2887.61,-0.01790324
10/3/2019,2910.63,0.007971991
10/4/2019,2952.01,0.014216853
10/7/2019,2938.79,-0.004478305
10/8/2019,2893.06,-0.015560826
10/9/2019,2919.4,0.009104547
10/10/2019,2938.13,0.006415702
10/11/2019,2970.27,0.010938931
10/14/2019,2966.15,-0.001387079
10/15/2019,2995.68,0.009955666
10/16/2019,2989.69,-0.001999546
10/17/2019,2997.95,0.002762828
10/18/2019,2986.2,-0.003919345
10/21/2019,3006.72,0.006871609
10/22/2019,2995.99,-0.003568673
10/23/2019,3004.52,0.002847139
10/24/2019,3010.29,0.00192044
10/25/2019,3022.55,0.004072697
10/28/2019,3039.42,0.00558138
10/29/2019,3036.89,-0.000832396
10/30/2019,3046.77,0.003253328
10/31/2019,3037.56,-0.003022873
11/1/2019,3066.91,0.009662361
11/4/2019,3078.27,0.003704054
11/5/2019,3074.62,-0.001185731
11/6/2019,3076.78,0.000702526
11/7/2019,3085.18,0.002730127
11/8/2019,3093.08,0.002560629
11/11/2019,3087.01,-0.001962445
11/12/2019,3091.84,0.001564621
11/13/2019,3094.04,0.00071155
11/14/2019,3096.63,0.000837093
11/15/2019,3120.46,0.007695462
11/18/2019,3122.03,0.000503131
11/19/2019,3120.18,-0.000592563
11/20/2019,3108.46,-0.003756194
11/21/2019,3103.54,-0.001582777
11/22/2019,3110.29,0.002174936
11/25/2019,3133.64,0.007507339
11/26/2019,3140.52,0.00219553
11/27/2019,3153.63,0.004174468
12/2/2019,3113.87,-0.008631064
12/3/2019,3093.2,-0.006638042
12/4/2019,3112.76,0.006323548
12/5/2019,3117.43,0.001500276
12/6/2019,3145.91,0.00913573
12/9/2019,3135.96,-0.003162837
12/10/2019,3132.52,-0.001096953
12/11/2019,3141.63,0.002908202
12/12/2019,3168.57,0.008575166
12/13/2019,3168.8,7.26E-05
12/16/2019,3191.45,0.007147816
12/17/2019,3192.52,0.000335271
12/18/2019,3191.14,-0.00043226
12/19/2019,3205.37,0.004459221
12/20/2019,3221.22,0.004944827
12/23/2019,3224.01,0.000866131
12/24/2019,3223.38,-0.000195409
12/27/2019,3240.02,3.40E-05
12/30/2019,3221.29,-0.005780829
12/31/2019,3230.78,0.002946025
1/3/2020,3234.85,-0.007059871
1/6/2020,3246.28,0.003533394
1/7/2020,3237.18,-0.002803209
1/8/2020,3253.05,0.004902415
1/9/2020,3274.7,0.006655293
1/10/2020,3265.35,-0.002855223
1/13/2020,3288.13,0.006976281
1/14/2020,3283.15,-0.001514539
1/15/2020,3289.29,0.001870155
1/16/2020,3316.81,0.008366547
1/17/2020,3329.62,0.003862145
1/22/2020,3321.75,0.000289088
1/23/2020,3325.54,0.001140965
1/24/2020,3295.47,-0.009042141
1/27/2020,3243.63,-0.015730685
